{
    "camera_matrix": [
        [
            761.5203172696213,
            0.0,
            583.3685682984674
        ],
        [
            0.0,
            753.7936054085403,
            268.7631616348496
        ],
        [
            0.0,
            0.0,
            1.0
        ]
    ],
    "dist_coeffs": [
        [
            0.15757292603014092,
            -0.48675374784914377,
            -0.023461256050587503,
            -0.011223081443000193,
            0.27130569483157263
        ]
    ]
}